"","age","female","edu","income"
"1",39.1250199645939,1,12,38874.0664039926
"2",28.2587124153774,0,16,53316.0636550888
"3",17.5815788476555,1,12,35800.4047333281
"4",17.5345370998386,1,16,27618.7584794688
"5",17.3425215858845,1,9,43164.2874949706
"6",12.1568097811226,0,16,59434.5776850897
"7",31.8911040020839,1,12,23370.0381791242
"8",13.9313283520504,1,12,28385.6710478978
"9",22.60645064539,1,9,30252.0157088757
"10",26.6419888459101,0,16,36572.2552460954
"11",23.8319795293687,0,12,47784.0028739008
"12",12.8615938571499,1,9,39514.4419132209
"13",30.6325554472682,1,16,40007.5568358572
"14",20.9128717209227,1,12,35732.3355130648
"15",16.9611271215882,1,9,25806.5787183456
"16",18.4019571887745,1,12,29927.7409271771
"17",19.018038003077,1,12,40612.6311507852
"18",24.1246588780822,0,16,31347.9543771255
"19",11.579021298335,1,16,40492.8735951852
"20",22.2236553641605,1,12,35916.0618687841
"21",24.9749698222792,1,16,47792.0627102406
"22",56.4517213464606,0,12,35200.009233793
"23",21.1486300039474,1,12,43731.7845015364
"24",40.2189680251363,1,12,34024.1209543588
"25",46.2551460173139,1,9,18414.0343073943
"26",31.1320037414603,1,16,38135.9057855662
"27",14.8543237920338,1,12,21931.2113917311
"28",41.6458924402065,1,9,55788.1891485554
"29",27.2952454764878,1,16,55004.9552673346
"30",17.1988740598913,1,12,59471.6451440068
"31",33.3813856940659,1,12,54619.664979592
"32",27.3860317877777,0,9,25615.4522983991
"33",19.8966477293754,1,12,64996.7872812547
"34",30.7144303429502,1,12,52068.0571464283
"35",37.779977266698,0,16,23823.4926743282
"36",30.8120478771381,1,16,43077.6657446622
"37",36.0219011054801,1,16,63245.6997565667
"38",22.0057259821444,0,12,47883.308744137
"39",19.3347109862683,1,16,43670.1439489612
"40",19.8808517034607,1,16,68123.5951118356
"41",22.9117594756594,0,12,47039.8758207752
"42",20.5522318493129,1,12,48749.9939649527
"43",16.5951687129731,0,16,61667.8519625045
"44",36.1633825822287,0,16,39812.3736495882
"45",16.4582270723467,1,12,49988.9552336512
"46",20.7258341543099,1,12,37242.8870697909
"47",40.0165902241461,0,9,29760.7434595983
"48",39.1624502836523,0,12,63848.6121368643
"49",23.1924979070879,1,12,56331.0365447028
"50",18.7771266081186,0,12,53561.8676224624
"51",34.2389570251091,1,16,14738.32100598
"52",33.6575599895434,1,12,26630.4034522974
"53",49.7572135399139,1,12,34310.3283810254
"54",16.0856765397215,0,12,33471.299330766
"55",23.8534628884042,1,12,34617.5238906979
"56",17.4316373409087,0,12,41884.7634289117
"57",32.6983609054083,1,9,37766.5547717211
"58",40.2361567083045,1,16,45399.1092354658
"59",44.0825753212664,0,9,37110.088058885
"60",21.1132536606952,1,12,43532.6441662864
"61",29.8044839613423,0,12,60335.1788668241
"62",15.5148792655241,0,12,51865.3819890975
"63",28.1967839428024,1,16,27116.5928431123
"64",18.941654477346,1,12,46506.8605396518
"65",32.3424136318644,1,12,41586.3236034034
"66",27.0913215477231,1,9,30609.6525811089
"67",27.592339723974,1,16,27787.5869652981
"68",19.5564864184658,1,9,32567.9760349698
"69",26.5179465661987,0,12,43054.1072455788
"70",30.0942151965421,1,12,20326.4172393426
"71",33.2729051623378,0,16,18279.8465075214
"72",25.4370104508963,1,9,30482.2000379268
"73",29.5115563342349,0,16,31235.1808045359
"74",26.3235556927799,1,12,29594.3341353618
"75",31.343598856606,1,16,55471.4851136901
"76",28.1373031285781,1,12,26735.2896375585
"77",18.768591142629,0,16,48069.1867131613
"78",25.832053882488,1,16,40464.7160837192
"79",30.8957261473356,1,16,37370.8337139672
"80",13.1805486398438,0,16,24306.8657170011
"81",37.1741048946174,0,16,24721.9505696767
"82",27.3943437066945,1,16,35576.7598257091
"83",27.4269329892068,1,12,41299.0044426037
"84",14.3714877915601,0,9,23769.352808896
"85",34.2001080128431,0,12,55053.026138794
"86",30.6570789269536,1,12,55863.5607467149
"87",13.8068217112096,0,12,35343.3246716709
"88",30.1583224317252,1,16,33067.8011527237
"89",15.5198332456566,0,16,38127.0007136065
"90",32.8880332459084,1,12,20393.7748159476
"91",29.1287424075435,1,9,27259.8661356646
"92",23.5911266148328,0,16,17878.8486009323
"93",29.7357927093026,0,16,47368.8924494092
"94",20.6998197052461,1,12,40375.0150970473
"95",33.3224280100329,1,12,22669.0620068411
"96",28.0823743570514,0,16,44858.927169792
"97",31.0936564250046,0,12,32695.5539177999
"98",34.1019235420718,0,16,50302.6286731288
"99",20.4404734095675,0,16,54202.9052857121
"100",30.8599063151886,0,16,45432.0308752958
"101",28.3814022199396,1,12,37529.4137148036
"102",40.0423809862483,1,16,28933.2038303525
"103",29.3790431453368,1,12,44521.9827100176
"104",20.8479004664049,1,12,46457.543191327
"105",20.1529245906296,1,12,49708.8392748428
"106",22.955988924887,1,16,49436.1111364951
"107",25.0879143455,1,12,33854.7367235066
"108",37.767259955281,0,16,22178.4479492179
"109",55.1914591433207,0,12,31483.5218005352
"110",19.1155455698886,0,16,20247.797470149
"111",14.7290093734898,0,16,25282.3567171759
"112",26.3682178502448,1,16,47742.9809186661
"113",31.9235982484391,0,9,35224.5331800409
"114",35.5292394905156,0,16,40004.0430645907
"115",53.358061045685,0,12,46102.0446885183
"116",32.3047732632837,0,12,62753.2450799108
"117",15.1466783072978,0,16,56108.4440667258
"118",25.6433499171131,1,12,41457.4908374118
"119",27.694605917075,1,9,36325.0150453859
"120",34.652032073992,0,16,45484.1406550318
"121",29.4325885807068,0,12,37435.7683827411
"122",30.3841997639866,1,12,55990.7526209363
"123",19.4168387679954,0,16,38790.0001244896
"124",19.7113550843784,1,16,33650.3342985246
"125",21.3463609769756,1,9,26557.8774382214
"126",12.2197086514955,1,16,42960.1382026179
"127",16.4702631812735,0,16,32206.3598015954
"128",28.2645922295145,1,16,35470.8014197402
"129",22.1331135889988,1,16,34098.3733886498
"130",33.9711408240539,1,12,41423.2340701416
"131",29.2347580774701,0,9,19199.4379738562
"132",18.0536561088478,0,16,13071.4217394349
"133",40.6424625644523,1,16,33815.8635540717
"134",13.0932604126365,1,12,30340.6557184724
"135",34.9450211048757,1,16,79414.9897961572
"136",26.6607975189789,0,12,30011.6216907186
"137",24.2198544049371,1,9,26014.7036559438
"138",23.3352684523416,0,12,32564.9203392857
"139",35.4659525641429,0,16,33848.8391603276
"140",11.4820241450339,0,16,48580.4711440023
"141",38.8020148589786,0,16,63566.4001906869
"142",24.6947280476662,0,16,28115.3044766259
"143",28.804143992358,1,12,50771.6304409802
"144",29.4858792462745,1,16,36377.1652068868
"145",43.4484979939666,0,9,35218.3473059865
"146",30.3010643463457,1,12,72035.3620956224
"147",18.8687789082541,1,12,32534.1226303936
"148",41.469905928141,1,16,33815.2323629087
"149",26.5364810092586,0,16,46258.7468699655
"150",45.6270334907497,0,16,35831.0124649159
"151",17.8443869672063,0,12,53381.5878045128
"152",19.1453584225566,0,12,29755.035258529
"153",39.7242212686476,1,12,42984.8481539812
"154",17.187522438952,0,16,43983.064924757
"155",36.8667571754634,1,12,57526.3081518449
"156",48.767516665647,0,16,21670.9976549861
"157",38.3719594740402,1,16,40168.3297591271
"158",26.5243104808192,0,16,39883.4539914553
"159",29.4138708445906,1,12,30311.3710880975
"160",27.4673473232059,0,9,74910.6166741012
"161",28.2640578443643,1,12,48348.5874924132
"162",26.4420489760869,0,9,46251.1904039259
"163",21.2067981034408,1,16,36681.5909470139
"164",15.4506415067736,1,12,40123.51813136
"165",14.8859257142743,0,16,65068.766225154
"166",37.2943580273455,1,16,38565.2562125346
"167",13.6922380325544,1,16,62359.2521066103
"168",20.9039879184871,1,16,39319.4605059446
"169",17.2934008979586,1,12,47875.5170696649
"170",29.2828367862936,0,16,29877.6035358933
"171",16.6375522291296,0,9,37714.5144620651
"172",20.9664093820604,1,9,40387.9370997988
"173",25.3558177445881,0,16,34501.7933993065
"174",18.8018352394856,1,12,47787.4137293173
"175",36.1987626608304,1,16,30772.9973409958
"176",20.5155989030003,0,16,42955.2438831507
"177",30.8998890394388,1,12,44400.4570771418
"178",23.9990809855738,1,16,26707.7113545671
"179",21.8632512802829,1,12,52403.1272498367
"180",21.8226105001085,1,16,23554.0532283609
"181",34.3399199739583,1,12,48679.6051703445
"182",21.396645292691,1,16,46007.33838685
"183",32.7512596464183,1,16,37117.8499742195
"184",42.4862393143513,1,16,43242.2457072542
"185",21.1992358000649,0,12,70374.3359295642
"186",31.7498328592764,0,12,46589.8598045335
"187",33.5362324534455,0,16,47554.5688873137
"188",24.7333035826581,1,16,44396.6022791486
"189",18.0787021260523,0,12,56198.3910903875
"190",37.5345805762233,0,16,39045.1752493887
"191",25.7005938711619,1,9,38160.1915328476
"192",25.9264592925431,1,16,42658.5421898695
"193",26.78271299302,1,12,16784.9055154337
"194",14.5967724610028,1,16,47558.8585350905
"195",14.8969189502954,0,16,34460.0731535634
"196",16.7039062221312,0,9,38507.0564216007
"197",24.669475580807,1,9,36904.2752476378
"198",41.4106874112399,0,9,57165.7467485175
"199",26.2559702519202,0,16,31255.2390855809
"200",31.7764051945459,1,12,68974.4257287744
"201",28.3189466427193,1,16,47703.5187316131
"202",21.1740563965173,0,12,49307.2682321614
"203",30.7583170603295,1,16,67050.1335610201
"204",18.4763974795489,1,16,57159.3915940739
"205",15.1455274832757,0,9,27765.7063451895
"206",28.7366260251052,1,16,52857.1462957496
"207",18.1825242710275,1,12,28982.9181481217
"208",30.3701815114727,0,16,42411.0928655228
"209",20.0340910913134,1,12,56135.0166280952
"210",40.065891236796,0,16,48316.0518897338
"211",33.477268325963,0,12,89384.5201953718
"212",18.1987942042503,1,16,30106.5342385844
"213",16.7990521401287,1,16,28188.0250838665
"214",27.1236666618498,1,12,21804.7184384895
"215",10.6286142420312,1,12,24049.1843875888
"216",24.2149545306268,1,9,39316.868785354
"217",21.6044696244197,0,12,31162.6284935045
"218",19.7324525610418,1,16,48739.2941371707
"219",35.482378568599,0,9,63356.980318319
"220",12.9382036567311,0,16,21980.1991746373
"221",23.0578678186609,0,12,29665.7316834248
"222",16.3080964216598,1,16,46879.664532956
"223",34.5127041027365,0,16,26084.5163958286
"224",28.8362654534491,1,16,50894.3491215146
"225",28.4894763485992,1,16,46359.3580482528
"226",19.3651574294171,0,16,61972.4669295338
"227",19.2198071102465,1,12,65394.8655091224
"228",11.231008449836,0,16,52735.8913520889
"229",31.4474525453348,0,16,76868.4241380012
"230",18.6110751192061,0,12,23920.2820659432
"231",26.8387537282041,1,12,83595.9664237061
"232",40.1513911438772,1,12,34947.1976121521
"233",22.5255389405891,0,16,35710.0094452656
"234",51.5218911924909,1,12,53364.8606199227
"235",46.4549936973352,1,16,35511.1662025465
"236",29.9165961453086,1,12,62385.0331102343
"237",17.2697686196695,1,16,37642.5862324015
"238",33.1679053173446,0,12,42957.3324644414
"239",20.8638885661077,0,12,23176.8352281039
"240",25.2764292551679,1,16,38272.651402344
"241",12.922370350137,0,16,30936.6482503194
"242",34.7922034296131,1,16,40980.4580449125
"243",40.0322152268536,1,12,68392.2302736704
"244",21.4569328560327,0,16,44715.8276763512
"245",38.561474965493,1,16,29256.1737382972
"246",19.8808265262954,0,16,67524.5281016951
"247",10.8761159965962,0,12,43538.3248048918
"248",10.2931829057182,1,9,36251.9721986768
"249",25.401045177704,1,16,60550.6496535547
"250",17.927368682017,0,16,44622.1653214051
"251",19.0745786694046,1,16,29312.3475009904
"252",13.4250531232023,0,16,33201.8392156188
"253",18.8044204465149,0,16,37012.4431990051
"254",37.3275941093926,1,12,47103.9423462304
"255",10.8851809406568,0,12,38580.7553225275
"256",24.5731558766573,0,12,47488.698398821
"257",29.8883162756749,1,12,33725.5060680087
"258",15.7403330513202,1,16,41378.5977273696
"259",15.8705303148358,1,16,30215.3536983186
"260",18.4001582401402,0,16,27944.4655730321
"261",28.9057266624724,1,12,39521.3945591337
"262",41.1999084010265,1,16,57506.5262031824
"263",21.6218494485766,0,16,51239.6472694387
"264",26.4957324818357,0,12,48427.348156637
"265",41.2846841599485,1,16,43809.28434726
"266",27.2005781592679,1,12,51425.1812043667
"267",34.1548208703087,0,9,30313.2795811739
"268",15.3656957821185,0,16,30342.9846154026
"269",13.1341429619478,0,9,39136.9876529278
"270",24.9501968092368,0,16,59977.266502502
"271",12.0427998674723,1,9,59094.6191002308
"272",15.8153408131451,1,12,26897.9152179846
"273",48.1303756024571,1,12,30589.3987001501
"274",27.8761577839932,0,12,41226.9756327481
"275",29.8551407329834,0,12,41382.74843156
"276",18.3195934853408,1,9,61147.7762819797
"277",11.4525683649894,1,9,46617.7284629641
"278",20.0745910201858,1,16,29599.9469648418
"279",25.530280484301,0,16,44664.8754516977
"280",14.4227942328919,1,12,29903.3297337865
"281",33.1008164570004,1,16,48574.5110723829
"282",24.8238813140451,1,16,33651.1994400085
"283",22.6881456117902,1,12,51919.8223872057
"284",27.2885100648267,1,12,32984.1179242857
"285",24.4507676743271,1,12,42022.3418780171
"286",24.8608088259914,0,9,31461.9191096872
"287",19.9420974551708,0,16,38403.1703317294
"288",25.54213997326,1,12,55653.4736382389
"289",21.7154978380745,0,16,34792.0226747577
"290",31.559959989858,0,16,40896.8306851106
"291",17.9764372149529,0,16,35084.7109971373
"292",14.9087825239379,1,12,41663.4254812893
"293",13.616341194643,0,16,25181.6615310168
"294",24.6721469657833,1,16,43503.3743882724
"295",34.1379112174493,0,12,36641.6489501335
"296",28.8960945384259,1,16,25274.3011643296
"297",36.7550024861413,0,12,55323.631123964
"298",19.2369884137995,1,16,60343.1038116889
"299",25.6239160423229,0,16,29374.7077007306
"300",20.2117526200078,1,12,40589.7451885496
"301",28.366559204629,0,16,46185.7585207871
"302",16.6004900574035,0,16,34163.5464880135
"303",28.63536286563,0,12,34126.8878618057
"304",29.3572043720985,0,16,40435.9037186124
"305",14.8738929247617,0,16,40247.1883067167
"306",20.914742455979,0,9,37920.7634892279
"307",36.1119516717189,1,16,54384.284801387
"308",32.3108099996281,0,16,31467.8765317398
"309",31.607506842335,1,16,54247.8448466708
"310",15.0076763676728,1,12,63059.9896878786
"311",40.7105800125496,1,16,30080.9812823531
"312",27.272422209648,0,12,54120.9626612752
"313",16.4835729686939,1,12,59228.2754704655
"314",25.735005222035,0,12,39077.3296943989
"315",28.0103855558564,1,16,33382.0730813568
"316",48.597788674707,0,16,38419.3000719194
"317",14.008555853986,0,12,54749.5399583359
"318",16.045650273529,1,16,21405.6509517303
"319",25.9587989922006,1,12,51725.7242302476
"320",30.1182999213738,0,12,33221.560106336
"321",37.2356020946789,1,12,34130.3379397219
"322",36.3508259369075,1,9,44445.1270404988
"323",37.4507729037576,1,12,34149.7006391137
"324",18.2953003046094,0,16,46607.2956095508
"325",46.2860172604769,1,12,19975.9520839812
"326",26.6478529541724,1,12,74085.7395846891
"327",38.0755930513824,0,16,41248.0945595763
"328",39.6456762673871,0,16,43688.8333101289
"329",21.4099029587453,1,16,29108.2910600196
"330",40.6127761718864,1,16,38809.8148977282
"331",29.5493385089232,0,12,37635.0956774434
"332",25.8073489304925,1,16,41669.8936772805
"333",11.0654140565164,1,12,29885.61242987
"334",25.6267360356129,1,16,56665.5279278887
"335",39.3254223401816,0,9,35627.4017235107
"336",35.624287360106,1,16,53450.1936209464
"337",26.9772806585997,0,16,27481.7887565669
"338",29.701144310165,1,12,36596.2985389593
"339",20.6884327579442,1,16,61379.628403309
"340",24.824257797904,0,12,49515.8673910845
"341",16.8663504804835,1,16,32020.1678535601
"342",24.6042001822015,1,16,48271.8838827913
"343",37.9441350478535,0,16,96090.9916190601
"344",35.5759610807933,1,16,33420.4534026909
"345",21.7346311956441,1,12,62693.053573514
"346",42.8688671040015,0,12,38943.6385269446
"347",42.1532180225409,0,16,36415.8538891888
"348",30.6435281887875,1,9,29124.8819602932
"349",30.5882544167522,1,16,74289.7084605727
"350",48.5060944711385,0,16,31583.708645336
"351",20.0914534390892,0,9,37897.0648301698
"352",62.4116825600194,0,12,57540.8929448502
"353",23.707191034517,1,12,39553.9897490962
"354",17.7291461253515,1,9,29122.484314187
"355",45.4163660933756,1,12,51000.9606688962
"356",23.4680393883992,1,12,54339.952496691
"357",19.8265523904066,1,16,24908.0619734922
"358",28.0170511326603,1,9,49376.8122565168
"359",20.6406266320851,1,16,31229.9327327257
"360",20.112885814773,1,12,37652.2507484598
"361",25.3069958710733,1,16,29718.7763329474
"362",43.7372278281344,0,9,17656.7053807941
"363",25.281772704048,0,16,50054.7460958186
"364",15.2255050442153,0,16,58976.0282969019
"365",24.1051534961844,1,16,25077.1689350842
"366",29.5882521038112,0,12,46572.9642794719
"367",15.5391354392772,1,16,32661.3499239851
"368",39.3282240311457,1,12,30229.5608967213
"369",18.7575041538412,0,12,49547.7462591966
"370",20.2784803028711,1,12,45271.7739309754
"371",32.13207609931,0,12,47506.5391792024
"372",24.8351517516787,1,16,37530.648251747
"373",19.253612076103,0,16,41472.4768172904
"374",25.3665959970433,0,12,49572.1450912271
"375",23.5435211227117,1,12,40235.8003461591
"376",12.8831490091118,0,16,53365.1014127773
"377",29.6485259057745,1,9,29454.1622483406
"378",48.812908129528,1,16,30711.9208667903
"379",24.6839475683786,1,16,24056.3162716008
"380",23.1526370060673,1,9,37540.6924674563
"381",25.0265994085732,1,16,35429.7033356295
"382",26.7936596260596,1,16,54621.9529908803
"383",17.3866533258783,0,16,35573.2083571331
"384",22.3122613980613,1,16,43745.6854936842
"385",25.6226188368798,1,12,30890.0902030654
"386",38.1589962636853,0,12,48089.7969244079
"387",26.1750206425792,1,12,16665.7610165505
"388",39.6718332402696,1,16,57651.4042638356
"389",26.7638330640168,1,12,31539.6357996335
"390",22.508203450174,1,12,23962.8836450602
"391",42.007803070922,1,16,41082.465952609
"392",23.3516327568038,1,16,28690.3963878702
"393",12.0294345068761,0,12,33369.8469354966
"394",44.811856877246,0,12,48479.7538940752
"395",33.0364727337503,1,16,28924.3976872797
"396",19.5178328442174,1,12,60018.4587808783
"397",12.626860517772,1,16,26570.7942506728
"398",21.7296143198321,0,9,54922.6195416999
"399",49.8292758721695,1,12,34682.303135704
"400",26.3604233103043,1,16,35468.5754523272
"401",24.2626038910354,0,16,23431.8276631815
"402",28.4045673505009,0,9,35026.5085456786
"403",40.8219591412419,0,12,63356.1288706309
"404",25.8799149855736,1,16,61652.5841454035
"405",29.1224534845884,0,12,43600.769175982
"406",38.7289506232901,1,12,51168.0892194595
"407",26.5663651643457,1,9,21539.9324021384
"408",26.1284523892277,0,12,37824.6505720773
"409",17.1509638344131,1,9,25378.4097562814
"410",40.2205361369157,1,12,53691.576482483
"411",26.7448039582613,0,9,36684.904430812
"412",14.0068215238738,0,16,44855.3969699358
"413",31.8031547371216,1,16,51729.1563616483
"414",14.6398072569268,1,12,42181.1531324173
"415",25.4870243977811,1,12,25720.6106746438
"416",15.4651105821855,1,12,43048.3131015364
"417",25.2301337694468,1,12,45069.8852714782
"418",15.5499537646569,1,12,65693.3091753461
"419",28.4644458503352,1,16,34162.0863207816
"420",28.5307820330372,0,16,52045.9747196856
"421",24.7848184813131,1,16,67819.5895210699
"422",19.304480890852,1,16,29056.2341460987
"423",23.2111709602293,0,16,32718.8782267872
"424",27.7663245242915,0,16,33168.253532677
"425",22.2474725263555,1,12,31061.3928985428
"426",17.7379444690937,1,12,48803.435914147
"427",27.7381386189325,0,16,39699.2045136799
"428",34.6186644189776,0,12,36663.4254732247
"429",12.6209955883584,1,12,24005.9268179519
"430",25.2851844547585,1,16,48633.4066190818
"431",29.8215835415006,1,9,53709.1029344608
"432",29.7410343722032,0,16,41231.8812397577
"433",30.0987197609729,0,12,60355.0846691738
"434",38.0020502570278,0,16,35486.0517359634
"435",29.3774613176015,1,16,32891.9348465803
"436",16.9937129006548,1,9,32005.5115775848
"437",24.1398601918255,0,16,44385.628525378
"438",54.9984025275679,1,16,64128.3292734384
"439",22.0172410727545,0,9,43892.5095859921
"440",31.6469069952516,1,12,42903.6701515136
"441",16.8561485445705,1,12,49045.2281627488
"442",14.6553740070563,1,12,67444.7713097048
"443",23.818787830572,1,12,21474.2696026648
"444",19.7501064103459,1,12,41805.9437794595
"445",31.8619337886167,0,16,46742.0818043996
"446",34.1736655708403,0,12,33712.3069762145
"447",27.164730609452,1,16,30308.9475212877
"448",22.7705898311796,1,12,26203.0685854479
"449",38.4082943837982,0,16,48148.2039852096
"450",23.106172520076,1,16,74593.8271811181
"451",13.1010004821732,0,16,26031.5456914132
"452",13.5968333026636,1,16,48505.2224938907
"453",34.7415810812798,0,16,42737.6057818244
"454",30.3353641431005,1,16,29954.5223377276
"455",14.8791001965593,1,16,39242.5349316624
"456",38.8805764172907,0,12,30544.6639376306
"457",12.2649610404442,0,16,32634.0442612267
"458",12.8307034025528,1,16,49295.9079667675
"459",26.8206260332859,1,16,37887.6568906768
"460",20.5213297787804,0,16,48704.6393095621
"461",14.2031995886538,0,9,26993.5210506308
"462",35.9765403476093,1,12,48564.8313254673
"463",25.4393438586511,0,16,21998.4590907387
"464",32.07804049702,1,16,61791.9079033843
"465",42.0901488247957,0,16,48193.8227556508
"466",17.8771221110268,0,12,71386.5412883076
"467",29.8542032477617,1,12,19188.7708061351
"468",18.8819208049593,1,12,29541.5229427189
"469",46.5578658041906,1,12,59950.3399361779
"470",28.2095198016372,1,16,52393.9217661868
"471",14.3113105912906,1,12,25887.8862649775
"472",29.5557370185661,1,16,49412.468862298
"473",17.6885552114567,0,16,38345.7275363893
"474",30.6787062893893,1,12,39139.4206633895
"475",15.4104427894705,0,12,45880.1275924578
"476",24.2472679230615,0,12,22911.3127804377
"477",38.9392802933863,1,12,30409.7482040774
"478",33.6725004099776,1,16,40186.9008412173
"479",31.9730001834894,0,12,54697.3644259665
"480",10.7762987185876,1,9,36391.6640030816
"481",32.5585217659362,1,12,64741.9348531329
"482",13.0669402635201,0,16,29070.6330380681
"483",29.6833214141605,0,12,21979.8341664338
"484",15.0675573505929,0,12,42808.500022131
"485",31.4149127986318,1,9,30148.5081872168
"486",49.1234949743385,0,12,18700.3968944525
"487",33.2084778543138,0,12,29393.1412871634
"488",29.914276103401,1,16,19654.794972213
"489",13.1475647475132,0,12,20942.2161734258
"490",28.6498877522162,1,16,27773.9393875722
"491",23.1142997817748,0,12,33871.8249423462
"492",19.2921955847206,1,16,42978.2353677975
"493",34.1381562895477,0,16,39433.7205517841
"494",30.8682406286368,0,12,27535.9911370457
"495",43.8115619682146,1,16,31418.7195341048
"496",29.3124173255255,0,12,65236.3282116755
"497",13.2245853826007,0,9,54970.7684728931
"498",13.1570896075095,1,16,74871.2157375688
"499",15.9521174827121,1,9,64736.2760473327
"500",22.8723736967145,1,16,31125.160857256
"501",35.9499362807499,1,9,46684.5496277744
"502",33.9513013903773,0,16,35804.0353805047
"503",34.5944698506792,0,9,15075.5561378877
"504",37.859696419344,1,16,44999.6346329152
"505",28.8780230558695,0,12,20158.7936138852
"506",39.8486439005669,1,16,30441.5492716641
"507",30.251203669226,0,9,36720.6097978835
"508",18.5772580050786,1,16,21861.2404150449
"509",33.2460874049041,0,16,45432.3108965725
"510",37.4423817041669,0,9,38640.9586263324
"511",24.1513788694147,1,16,29242.2944627834
"512",36.288183888173,1,16,37179.6295632853
"513",16.4981118280251,1,16,30445.1211374541
"514",38.6484669258259,0,12,44209.0652261279
"515",24.4889249020437,1,16,27128.8401071474
"516",40.5639619175903,0,16,38307.890681139
"517",22.6104741436426,0,9,36826.393514516
"518",26.9793166399924,1,16,43182.789778625
"519",12.6113356460852,1,12,44212.1584021977
"520",25.4092209944677,1,12,34835.6401816671
"521",34.9861819512617,1,9,52997.4336356775
"522",42.1651580107004,1,12,61682.5208250793
"523",25.983007102547,1,9,27467.4503914138
"524",37.2393464938323,0,12,21736.7299451918
"525",36.6531511976068,1,16,30495.1664754233
"526",33.253102564066,0,12,40742.7993915267
"527",26.8178860801218,0,16,68337.1018008011
"528",29.5516969793798,0,16,34563.4917092148
"529",22.1217245592077,0,12,27101.5910895393
"530",32.7702304194562,1,12,40243.7265708099
"531",30.7711310654187,1,12,26086.2056916844
"532",17.2877184425507,1,16,24965.4312120732
"533",17.9339342495562,0,12,31972.1038469377
"534",30.969480139116,0,12,34249.494440916
"535",26.1621789754081,1,16,54808.5984477778
"536",38.6366232215659,0,9,23917.4938759147
"537",15.111668229208,0,16,49810.5780940342
"538",37.8990892545483,1,12,33956.506864099
"539",39.0763897707357,1,9,39464.3371982929
"540",14.1080940074549,0,12,19943.4479168587
"541",14.6028531773765,0,12,29687.5076296471
"542",45.4748428974774,0,12,64443.5485358401
"543",20.0107486177697,1,9,28915.9682061448
"544",38.2536803444152,0,12,21414.661711296
"545",20.4069324234821,1,16,30343.6797365458
"546",35.1999492109167,0,9,28420.7861555667
"547",30.8332993082016,1,16,52102.1062435759
"548",29.7878554196286,1,16,37326.7798637304
"549",36.7411579806636,1,16,51922.6329751104
"550",17.009422848693,1,12,35414.315602502
"551",34.0189012718311,1,12,28558.9892903768
"552",28.2064636343728,1,12,20204.8880253046
"553",40.8738706576183,0,9,62759.7291196042
"554",26.4258393595534,1,12,41450.3728842357
"555",14.1733662445104,0,12,42779.9616996594
"556",26.3414062596941,1,16,65991.19781288
"557",19.1362256254914,0,12,29088.5915358039
"558",34.20236105216,1,16,25747.0768127583
"559",29.3760242502425,1,16,43933.0053763717
"560",15.423587779054,1,16,63571.0198466116
"561",33.6300848427202,1,16,37248.4513875107
"562",16.4146999410422,1,12,34886.303297757
"563",45.6858437488369,0,16,31456.2927609456
"564",17.4510318187737,1,12,37776.1050990868
"565",25.4970993827839,1,12,50826.5440094993
"566",29.5902844714797,0,12,48885.5905137134
"567",15.5592537421349,0,16,54313.0648546914
"568",22.5129128097488,1,12,27582.1469725539
"569",27.0406051469796,0,9,27879.9832986552
"570",29.412614511896,1,9,40785.008225724
"571",24.5047905355489,0,16,43612.5832297044
"572",25.2388144424387,1,16,45976.6245843697
"573",45.5450378642085,0,16,38364.1597015509
"574",20.1456641029976,0,9,55375.0429249023
"575",37.3532940956334,0,12,41118.4785552805
"576",42.9305551493001,1,16,29275.7224455658
"577",14.3240886473564,1,16,31936.8361780662
"578",29.8034989404445,1,16,59253.1857940375
"579",41.7710446566733,0,16,29883.0428590422
"580",38.1630452798822,1,12,44615.3126733811
"581",14.8203764872152,1,12,46275.9313978013
"582",28.1937443118808,1,12,61191.932568038
"583",32.1786428526735,1,9,27361.5492367294
"584",30.6911567065134,0,9,42291.9536784569
"585",19.8257074591633,0,16,33496.0830998445
"586",19.3853443420118,1,9,54721.8394503254
"587",34.278430279059,1,9,35331.0303102276
"588",20.3195701714684,1,12,33438.2435241834
"589",21.0506355818078,1,16,44078.9476474904
"590",44.4749801608039,0,12,32521.8011816146
"591",14.9627680161802,0,16,36885.5880343239
"592",25.1594888510364,0,16,45428.2023285374
"593",24.9081936314779,0,12,27416.9737862933
"594",14.4507695245554,1,12,53323.2140164299
"595",26.7217183886286,0,9,57311.9090252305
"596",17.1327907749345,0,12,42301.1330167791
"597",25.7402378870357,1,16,36036.271878208
"598",37.7615733318618,0,16,31179.6758949157
"599",11.3993395753369,0,16,16655.3715572785
"600",42.121364326243,1,16,56765.7963421631
"601",22.2867571491243,0,16,33300.7931186803
"602",25.9948795230816,0,12,34213.857019024
"603",18.6724289847826,1,16,40194.5588389249
"604",31.4439626965112,0,16,39139.2919970957
"605",18.2580324828293,0,16,60766.3635167803
"606",39.7844393101932,1,16,41165.1005934653
"607",33.7770628673281,1,16,43196.4348668251
"608",36.3893288964541,0,16,34049.1287970978
"609",41.0791420591037,1,9,38194.3882750877
"610",16.2941539362228,1,16,21603.5643482299
"611",37.3867915167125,1,16,37613.114802453
"612",36.8120012691525,0,16,30057.6412487173
"613",46.4254279716756,0,12,57728.9906780069
"614",47.5454237410749,0,12,32530.4078450993
"615",29.7399614103767,1,12,32569.889916376
"616",17.5291634946811,1,16,43893.9266715175
"617",33.4495346070164,0,9,40185.5191613441
"618",19.5985355125603,1,16,21093.7065746483
"619",19.9978101830417,0,12,43904.8403222618
"620",24.8580796865362,1,16,42878.8030116512
"621",21.3465951045918,1,16,51531.5552914465
"622",12.1521175543304,1,12,19593.5142147213
"623",40.3075556649763,1,16,28347.5842533567
"624",23.6293442297356,0,12,65582.8214618171
"625",44.203482199169,1,16,56402.5511103375
"626",18.2763455679963,1,16,45485.2696640343
"627",30.9168324768522,1,12,32455.3674538844
"628",17.9124139488916,1,16,41261.9759481978
"629",46.3956724751173,0,16,31373.5680475217
"630",27.4432705205105,0,16,65999.7775940095
"631",26.8942644133839,0,12,80532.8719134232
"632",26.4574451768127,0,16,63127.3133110281
"633",25.0269574680824,0,12,57553.3564328839
"634",28.8928945506615,0,16,42242.117886898
"635",33.07595102409,1,16,40501.9106498477
"636",20.159949088471,0,12,26757.7647018195
"637",33.0547825114118,1,9,41393.6481321058
"638",25.1865051960002,1,9,41198.4236263621
"639",30.8538708987606,1,12,23424.7486097572
"640",24.7124329839703,1,12,36238.8975490702
"641",16.71276078636,0,16,30433.7543294212
"642",11.4915643388377,1,16,57815.5456745683
"643",14.7196133257245,1,16,33974.9197875958
"644",34.5451480064607,0,12,28694.9024252079
"645",30.1871490816809,0,12,26951.3422282023
"646",17.7059448458406,1,12,37829.3349430603
"647",20.2579993682697,0,16,32342.8025887597
"648",16.023717934648,1,16,22157.0831637643
"649",23.6076119261102,0,16,19504.3388216647
"650",42.2101921427383,0,12,45342.1804182647
"651",32.8793323951068,0,12,62804.5268807294
"652",25.315453930409,0,9,26605.7770186125
"653",39.9318351129971,0,16,18133.0839866344
"654",21.1639633482478,1,12,26488.2371591315
"655",48.9658098729252,1,16,54166.298258306
"656",37.2606916777536,0,16,68928.9462729632
"657",37.6518133203291,1,16,26874.0353482433
"658",17.9850819668321,0,16,41600.6389315284
"659",27.1300408769734,1,16,21547.9080793154
"660",24.9283680586508,1,9,25465.1794404018
"661",37.2903823537462,0,9,24120.9913589257
"662",18.7355244547582,0,12,22512.2766521063
"663",38.77838372383,0,12,48947.2610677408
"664",14.8278069357308,1,16,31208.6214350034
"665",43.5302777036349,0,12,26006.7164086036
"666",32.5614619474653,1,16,29155.8106657649
"667",27.9363721339848,1,16,27934.9267207348
"668",18.5917734398329,1,12,35542.7253039558
"669",40.7000178670158,1,16,26339.359924189
"670",16.8681271534356,1,12,29969.5164054747
"671",25.3304119940897,0,12,34156.5358239168
"672",47.4635940121942,0,16,21740.0130829208
"673",29.0206042437918,0,16,35023.2957328151
"674",27.1485413602692,1,16,26335.1319309434
"675",17.677558082907,1,12,24022.4428920365
"676",21.2844040691409,1,16,34637.5901372276
"677",34.6792581254559,0,12,45294.2172338182
"678",28.717505266944,0,16,38880.1863033979
"679",23.3852054724974,0,16,21392.6638383884
"680",14.3496135127697,0,9,80410.4531525119
"681",26.0648972411979,0,9,32602.7439968241
"682",16.8227378466199,0,16,57958.8624438049
"683",27.9843327078963,0,12,33573.7709768147
"684",22.7455926896256,0,16,34438.6749553974
"685",26.0851171638205,0,16,39867.2909288491
"686",16.9313450690341,1,16,49584.3063985569
"687",22.5603098265159,0,16,50689.8016501174
"688",34.8651087984867,1,16,46930.5565293957
"689",35.7831976413406,1,9,41622.281999984
"690",32.6856113738132,0,16,39741.9717416325
"691",20.2675566786424,1,12,52738.4599125529
"692",17.230124472236,0,9,50509.8015632021
"693",23.5408314960691,0,16,25446.0389721475
"694",24.8178764706975,0,16,27747.276527252
"695",20.622878841998,0,16,35679.0215341724
"696",21.5533024510614,0,16,25684.5052514741
"697",47.2063191279082,1,16,32789.7571755185
"698",24.9573583160754,1,12,41805.1310580813
"699",23.9840621942219,0,16,37344.5552833497
"700",22.8557726742134,0,9,50398.521905186
"701",44.9635047274896,0,12,31033.626219664
"702",26.1813712863594,1,12,37829.4691592944
"703",27.225521735085,0,12,49272.8038360343
"704",18.9927103898243,0,16,37195.9633076425
"705",30.3214810688673,1,9,50435.1391428847
"706",31.8382940210887,1,12,60450.6671326297
"707",19.2986871713784,1,16,40066.0755602157
"708",19.6886135527051,1,16,28279.6072081157
"709",22.7734588045816,1,16,30151.1150087132
"710",27.9699352826116,0,9,31880.0032764599
"711",24.579706835782,1,12,21361.5310483861
"712",17.1730726838211,1,12,32669.8611164802
"713",16.7216946296967,0,16,24143.7403261794
"714",22.8951419731463,1,9,31465.0410890051
"715",21.4280790542198,1,12,25622.2829258868
"716",29.4871298850498,0,16,42632.7904500868
"717",37.5665747774904,0,12,24114.9131116552
"718",28.8434961054607,1,12,59255.7587419231
"719",19.1671781564914,0,12,25941.7648209078
"720",31.7657675886616,1,12,31655.5433642916
"721",22.9404600877876,1,16,36916.2393709227
"722",26.5270416876261,1,9,45116.6739199358
"723",25.5487574804397,0,16,36795.125866151
"724",22.505289207624,1,16,20092.1302104179
"725",25.4783744904788,0,12,52598.0169429924
"726",24.4549166423316,1,16,64898.6754520219
"727",46.411607239241,1,16,51518.9780887373
"728",31.7740878800841,1,16,37885.3999236871
"729",11.76429833347,0,9,47523.6835495442
"730",32.5411687220933,0,16,40389.4532501442
"731",38.0270372919733,1,16,36150.6923479304
"732",11.7100759608546,1,12,38917.4093317489
"733",36.4753307832015,0,16,30459.3014789708
"734",39.1809370514559,1,16,76112.6382285818
"735",22.5805540526668,1,12,47009.7181464736
"736",28.6957995398327,0,12,54972.7409413308
"737",21.9988042673247,0,16,20684.7335022988
"738",24.4390533608257,1,16,28837.5961601674
"739",28.6336984865746,0,12,20386.3873792511
"740",13.3065796540845,1,9,41059.7228430584
"741",30.3601801647331,1,9,60553.0571095107
"742",35.2054301576722,1,12,21966.8769252114
"743",31.1125682100745,1,12,47284.2753085493
"744",31.3039368357426,1,16,48813.2082621627
"745",14.6393544395567,1,12,49217.8284913671
"746",31.5680570006817,1,12,44871.1211201095
"747",23.3172869951408,1,12,39605.5509754237
"748",23.033316584328,0,16,38917.2956493314
"749",33.5633040838638,0,16,54014.9279717499
"750",16.7649864388885,1,12,29142.3155745999
"751",26.9875838924231,0,12,45666.6247857876
"752",40.9411436241636,1,12,46693.0222316131
"753",22.4426203138072,1,12,41320.4049690606
"754",20.7622200492585,1,9,23737.4112679985
"755",15.8645516811727,0,16,23527.9321169484
"756",24.7153609303746,1,9,29308.4953058305
"757",36.5539709802882,1,12,40965.0966225802
"758",22.1736901514334,0,12,29180.3609228902
"759",23.9674567506956,1,9,40394.9542409082
"760",24.3482311542562,0,16,56065.6261859539
"761",44.8389198422648,1,12,44788.3706184489
"762",26.7254920394791,0,12,25393.3152053584
"763",22.2823186752963,1,16,23370.0206832493
"764",37.4504606448115,0,16,34206.9642137305
"765",27.6143039908231,1,12,56527.5625363463
"766",31.5891583838055,1,12,54173.2811415054
"767",15.2751464519204,0,16,48267.435933985
"768",28.0305230483533,0,16,37734.9082532744
"769",44.2682158575028,1,12,71399.8108678916
"770",19.6776989096747,0,9,27901.5294489113
"771",25.1802563198765,1,16,31978.5456080787
"772",30.6157187940069,0,16,44532.0858911863
"773",37.4161176298834,0,16,33949.5385857514
"774",22.0988289250971,1,16,61675.9654229881
"775",34.6252000519579,0,16,54199.5568508052
"776",28.9449944316961,1,12,28492.9103599765
"777",27.3750064505759,1,12,26302.3367331492
"778",40.5006456552699,1,16,41294.1144861329
"779",21.456160731551,0,12,47720.3428643725
"780",26.702447405772,0,12,23208.9343681992
"781",22.5543964043146,0,9,28046.6669222721
"782",30.2857659922074,1,12,63754.2969346178
"783",20.2065457973622,1,12,23775.4839153355
"784",18.5186148982732,0,16,48952.9731287881
"785",26.366466294007,1,16,27687.7793411519
"786",30.408545380623,0,16,33574.0979793242
"787",34.2915034246124,1,16,33140.6994832809
"788",18.9204801632449,1,16,20717.1132153712
"789",52.8460809924335,1,9,47599.0802889236
"790",11.8820895140406,1,12,33714.4627374537
"791",22.604195300385,0,12,35437.9993901285
"792",12.4511694697508,0,16,29598.1060093767
"793",21.9538449693705,0,16,29876.5663807574
"794",20.2894677425587,0,16,48323.2511696346
"795",23.8534269239965,0,16,60211.8295255946
"796",20.6756494822903,0,12,42625.7829431921
"797",19.6853519603877,1,12,24846.6226966458
"798",38.2181455155244,0,9,20140.4754750844
"799",36.1884549254108,0,16,51282.7099275351
"800",41.8108675368002,1,16,37339.0452724528
"801",40.0677893330321,0,12,26194.4996209169
"802",16.7783666295626,1,12,63362.3519865651
"803",21.0750398942589,1,9,54425.8184511252
"804",29.6077226382531,0,12,27400.1037629255
"805",36.6817430239152,0,16,54691.5272630306
"806",31.8203912399195,1,16,31580.7664645134
"807",28.0098760512369,1,12,38609.8813274324
"808",26.1829102755551,0,12,52127.7850553724
"809",17.94132430139,0,16,46575.5358966878
"810",17.7888191661861,0,9,65618.2360025907
"811",33.1370228430161,0,12,39061.0772342863
"812",26.7054673578757,0,16,43867.7664795658
"813",21.0928037579577,1,16,31120.2981387515
"814",32.8011133929499,1,9,35921.828362579
"815",18.4434740531807,1,12,52999.3709518789
"816",23.7337484271069,1,16,52866.8855012041
"817",13.5728793987756,1,16,40129.6950250158
"818",36.6418452590745,0,12,25158.2545169876
"819",21.9570749875401,0,16,66815.8748082822
"820",37.3695645466802,0,16,40138.64556979
"821",18.511785303305,1,16,57517.0612923164
"822",26.8844118946154,0,12,26099.6590652495
"823",26.2042224022707,1,12,44665.2005965816
"824",31.3355008287558,0,12,24143.0702637731
"825",32.2820543070046,1,16,27819.7595834824
"826",28.2582726924295,0,16,50978.1048879872
"827",17.9229179884489,1,16,31231.5811740253
"828",31.738934379094,0,12,30145.1550481294
"829",14.4566579353624,1,12,13798.7696218709
"830",39.1893002245637,1,16,26749.686550577
"831",41.1407582738773,0,16,34629.7783715484
"832",16.7351810890213,0,12,24907.4863795988
"833",22.4358142776399,0,12,42742.2177118424
"834",29.408891372588,1,12,21365.9596113266
"835",23.5379926298461,0,9,49691.3181757919
"836",10.3941332634741,1,16,32784.8527718714
"837",21.6197944908236,1,12,47491.9648900421
"838",27.4337132674281,0,16,31028.7777487187
"839",30.2519690948553,1,16,62738.2732870782
"840",26.1393137744255,0,12,43853.7118121743
"841",17.6923603055198,1,16,79883.078571957
"842",32.2293967483065,1,16,26894.8928311637
"843",34.8716551076077,1,12,44062.5171027726
"844",44.6383286769352,0,16,30954.6102025156
"845",37.8455913250575,0,12,49841.3038576477
"846",27.6044419539736,0,9,27532.9663034105
"847",52.4869535479994,0,16,52305.7504602378
"848",16.1082473788616,0,16,58764.7589232614
"849",29.1290338883137,0,9,36472.8372687428
"850",14.731040833025,1,16,40333.9543697229
"851",26.1063698888897,1,12,44108.7622614861
"852",13.8160837714163,1,12,34191.7956601307
"853",28.9492088021345,0,12,32623.0495656827
"854",19.6914643461869,0,16,26862.4559703202
"855",16.9593835601602,1,16,54741.0915926591
"856",29.4573073423315,0,12,45682.7240556983
"857",16.249849948759,0,16,44344.9723923941
"858",44.4884041533984,1,16,75967.0031551557
"859",19.5232256794848,1,12,46030.2075151178
"860",40.2989748856318,1,16,30627.2855987046
"861",11.817866436811,1,16,30810.8643784878
"862",25.1146862333566,0,16,24358.4704053566
"863",16.4229520692013,0,16,40334.3172505468
"864",19.6009166671292,0,16,50796.5296307454
"865",25.211603573262,0,9,80493.0698860918
"866",42.3335435902261,1,9,30068.60542153
"867",28.2374717660747,1,16,34069.1770163409
"868",25.1714381191521,1,16,45718.2362563426
"869",16.4039521199745,1,12,30022.9038905977
"870",14.7515660595068,0,16,32639.8482908376
"871",23.8838652232297,1,16,42228.1653795416
"872",47.4836520963926,1,9,27675.346961223
"873",37.0612831473618,0,16,39527.3167184905
"874",35.2757915442893,0,12,46371.3148786215
"875",17.4578255004075,1,16,47235.9729175083
"876",30.4417222889857,0,12,43273.6828951438
"877",37.224692367592,0,16,86684.0942603941
"878",24.6256369491631,1,12,50245.572557064
"879",27.9524754957942,1,16,35765.6605839507
"880",52.5197628201138,1,16,28753.5851368124
"881",17.6500710453874,1,12,42048.0271022013
"882",20.8874816983663,1,12,45811.3801082498
"883",38.0020732984159,0,12,49097.1205680842
"884",22.744865586037,1,12,39710.6569525368
"885",38.875709479771,0,12,54873.1745792681
"886",17.6332755098265,1,12,33054.9144386982
"887",41.9979516804755,0,12,36683.5596110925
"888",25.975397945298,1,16,45858.2407224764
"889",16.7845011594517,1,16,16556.6765597951
"890",36.6898012630418,0,16,33973.064923987
"891",44.550396220304,0,16,36400.4319578763
"892",36.2107642668111,1,16,46697.7715998576
"893",28.0612025640834,1,12,32374.081550831
"894",16.9727303583607,0,16,47366.2908977824
"895",17.2722578791804,1,9,41464.8623821374
"896",14.9841516719409,1,12,56680.4986143367
"897",27.5091259285361,0,12,18282.1108207805
"898",21.1339112843579,1,9,35012.9782086124
"899",25.531416556699,0,16,58309.3816749068
"900",28.9292189163229,0,12,51018.594657162
"901",46.0702822313243,1,16,57710.8959061117
"902",14.7465138941157,0,12,39897.624522751
"903",32.3519991882874,1,16,26040.0600589486
"904",10.3302374182721,0,16,40240.5214370195
"905",35.8815492095512,0,12,50665.5549862978
"906",27.3572909125013,1,16,37853.7582255011
"907",23.7640206178746,1,16,32929.4995154158
"908",11.6828500800465,1,16,32465.5862408351
"909",13.6622460192079,1,9,46937.4006150373
"910",14.0660193897059,0,16,49881.9482659969
"911",15.6537260217711,0,12,35922.268445703
"912",15.7241659139092,0,12,32585.9513788256
"913",41.0532711284279,0,9,41036.453405325
"914",28.6051562187553,1,9,32301.3132453699
"915",16.7482754638035,1,12,34728.6832260209
"916",19.7469072098479,1,16,51878.4516747913
"917",40.8280633465821,0,9,30698.4674756083
"918",16.3868716500918,1,9,66528.0600437294
"919",25.1667690955406,0,16,38718.7916572181
"920",17.6354744012192,1,9,27450.0916586994
"921",12.2292035882536,0,16,56834.0356486314
"922",31.859329466501,1,16,38718.732766357
"923",21.8173098193725,1,12,32932.8313834767
"924",34.9303862955414,0,12,47907.5037145313
"925",21.3411488293066,0,16,40747.1518899334
"926",30.5003199295042,1,16,64630.2419446699
"927",25.4054135125466,1,12,39728.7659815856
"928",13.9500920709445,1,12,36893.2703240647
"929",37.6516624912508,0,16,35300.47253458
"930",24.9121860629428,0,12,39403.6605604214
"931",32.0843431271855,1,12,62810.718376454
"932",25.7993580235914,1,12,54704.1331136097
"933",19.4191090227959,1,16,34143.6461975901
"934",20.6799931599742,1,12,44422.5380667168
"935",20.2388894970593,1,9,30987.0255517161
"936",44.7514098344806,1,16,41283.2186914796
"937",31.3156881496553,1,12,28473.8462644646
"938",17.3550782640901,1,16,51241.2835946937
"939",32.4834555178881,1,12,40115.2619365047
"940",15.1892702818764,0,12,52315.9018052673
"941",12.6508796977974,1,16,37269.5846548081
"942",45.7196352703273,1,12,58606.4734180163
"943",29.7305206594848,0,16,59371.7125611399
"944",31.6465900345959,1,12,40821.9075078946
"945",35.2352599341068,1,12,31826.5397605939
"946",19.1071489744945,1,12,49333.9625200334
"947",23.9314518077011,0,16,46379.3412522817
"948",16.705594760674,1,12,26809.7607665424
"949",18.866324828157,1,16,30577.7354731385
"950",23.0978127488554,0,12,28027.6685948121
"951",17.5813939069858,0,9,55850.1281802313
"952",18.2663877979778,1,12,29825.6907045445
"953",16.5362673678963,0,9,65341.4122159739
"954",15.2172826334521,0,12,51758.627123876
"955",27.4983373904792,0,16,19867.5670944884
"956",26.5997971529574,1,16,36423.8895539377
"957",31.8364315265462,1,16,26617.9224990976
"958",21.8265516023272,0,16,49202.1661388902
"959",16.7021149376605,0,12,20498.9746946249
"960",22.3523774639412,1,16,58601.2256045931
"961",21.9047486055433,1,12,19690.2013562906
"962",27.7780749719876,1,12,19023.685472523
"963",47.5879593150723,1,9,43351.3596988552
"964",47.6589860822628,1,12,38139.6937916876
"965",15.7371331361286,1,16,47947.8271856318
"966",20.8639632076813,1,9,53817.7795477212
"967",34.0036679585406,0,16,29009.4301783311
"968",22.1885296805083,0,16,52746.98599839
"969",22.2173847577421,0,16,30534.277879168
"970",17.9556020546024,0,16,36609.653035477
"971",23.8531059124053,1,16,42254.948859461
"972",12.3893061705789,0,16,22962.2254890224
"973",40.6030412198287,1,16,44989.8287507943
"974",14.6764737837437,0,12,45425.1659448599
"975",36.0373331805028,0,16,52176.1041747987
"976",25.5286305623576,1,9,35730.7933100005
"977",29.3544651059372,1,16,22518.5509265099
"978",20.369918868091,0,12,40651.4905148113
"979",32.9156842460624,1,9,25733.9782401143
"980",26.8813354336991,1,12,41952.4751919607
"981",34.9995917020636,0,16,50964.274473803
"982",28.9049368686047,1,16,56156.1564556754
"983",36.0337549178326,0,12,39603.6224397067
"984",29.5886455210024,0,12,36136.6815476192
"985",14.4655353067208,0,16,46440.9514313719
"986",16.6313958787236,0,12,40105.2164134788
"987",40.5498649372755,1,12,40514.3965230671
"988",41.9899910946138,1,9,38292.4216978151
"989",42.9906870207523,1,12,58620.4600239408
"990",33.0632081279749,0,16,33473.5980254207
"991",44.4539822067289,0,16,29110.3465214341
"992",21.9596524147235,0,12,39208.6108565957
"993",14.6034908696058,0,12,42115.2704002094
"994",15.0481421771616,0,16,32343.931028873
"995",31.693494121363,1,16,56196.3111488293
"996",27.2182754257765,1,12,34064.798345909
"997",22.6950148920176,0,12,27359.5894072789
"998",21.748998365161,0,16,29535.405733113
"999",29.584435915685,0,12,32637.5424097381
"1000",40.4150871326102,1,12,64152.600355636
